author,image_link,name,price
"KHAN SIR PATNA,
    
        
        
            Arihant Experts
        
    
,KHAN SIR PATNA,KHAN SIR PATNA,Sohel Raza,Swapnil Ramdas Kolte,
    
        
        
            Shatrujeet Nath
        
    
,Dr. Prem Prakash Ola,, ,Nirmal Kumar Arya,, et al.,
    
        
        
            Disha Experts
        
    
,
    
        
        
            SHUBHAM KAMLESH SURTI
        
    
,
    
        
        
            Deva Jadhavar
        
    
,Ved Arya, and ,Dhruvi Shah,Zarine Viccajee,
    
        
        
            Arihant Experts
        
    
,
    
        
        
            Arihant Experts
        
    
,Arihant Experts","https://m.media-amazon.com/images/I/51yYgoTTpTL._AC_UY218_.jpg,https://m.media-amazon.com/images/I/51uA8okJQ3L._AC_UY218_.jpg,https://m.media-amazon.com/images/I/512PFmwnedL._AC_UY218_.jpg,https://m.media-amazon.com/images/I/51AYRDl88KL._AC_UY218_.jpg,https://m.media-amazon.com/images/I/71glbWv9SEL._AC_UY218_.jpg,https://m.media-amazon.com/images/I/51HbCejIHZL._AC_UY218_.jpg,https://m.media-amazon.com/images/I/81Com-4468L._AC_UY218_.jpg,https://m.media-amazon.com/images/I/81wBSt6qyAL._AC_UY218_.jpg,https://m.media-amazon.com/images/I/71dVUp0Y6GL._AC_UY218_.jpg,https://m.media-amazon.com/images/I/71HqMyC10-L._AC_UY218_.jpg,https://m.media-amazon.com/images/I/716bca53R4L._AC_UY218_.jpg,https://m.media-amazon.com/images/I/61gpt3a8ZFL._AC_UY218_.jpg,https://m.media-amazon.com/images/I/61Sc5UsKNaL._AC_UY218_.jpg,https://m.media-amazon.com/images/I/51An7yNqU0L._AC_UY218_.jpg,https://m.media-amazon.com/images/I/71Zci46f+gL._AC_UY218_.jpg,https://m.media-amazon.com/images/I/51y0wj5NevL._AC_UY218_.jpg,https://images-na.ssl-images-amazon.com/images/G/01/x-locale/common/grey-pixel.gif,https://images-na.ssl-images-amazon.com/images/G/01/x-locale/common/grey-pixel.gif,https://images-na.ssl-images-amazon.com/images/G/01/x-locale/common/grey-pixel.gif,https://images-na.ssl-images-amazon.com/images/G/01/x-locale/common/grey-pixel.gif","kiran Science Numericals Physics and Chemistry 2300+ Objective Questions |NCERT Class VI to XII ( History (6000+ Facts) & Indian Polity and Constitution(3000+ Facts)) (3 BOOK SET),SSC CHSL (10+2) Guide Combined Higher Secondary 2021,Kiran NCERT History Class VI to XII 6000+ Facts/ NCERT Indian Polity and Constitution Class VI to XII 3000+ Facts (2 BOOK SET)By Khan Sir Patna,Kiran Science Numericals Physics and Chemistry 2300+ Objective Questions Railway Group D , NTPC ,ALP ,JE(Hindi Medium)(3146),Taash Ke Patte,Muqaddar: Katha Aurangazebachi,Vikramaditya Veergatha Book 4 - The Wrath of the Hellfires: Vol. 4,Bhartiya Itihas - Arya Competition Times,SBI Apprentice Guide 2021 with 5 Online Tests,BACK OF THE BALL: A Leap to the Undiscovered Path of Success,Unique Chalu Ghadamodi Year book 2021 Deva Jadhavar *देवा जाधवर यांचे प्रसिध्द 'चालू घडामोडी' : YEARBOOK 2021,The Book of Aspiration: Inspirational Memoirs from Social Leaders,My Way,Rajasthan Vanpal/Vanrakshak Bharti Pariksha 2021,HPSSC JOA Junior Office Assistant (IT) Recruitment Exam 2020,SSC CHSL (10+2) Solved Papers Combined Higher Secondary 2021,
    
    
        ,
    
","269,313,167,84,295,266,410,340,299,299,175,150,190,226,244,169"
